epoch,time,train/box_loss,train/cls_loss,train/dfl_loss,metrics/precision(B),metrics/recall(B),metrics/mAP50(B),metrics/mAP50-95(B),val/box_loss,val/cls_loss,val/dfl_loss,lr/pg0,lr/pg1,lr/pg2
1,11.5402,1.68429,3.34403,1.54449,0.00736,0.60714,0.35287,0.23439,1.12944,3.43549,1.13085,0.00026672,0.00026672,0.00026672
2,20.8006,1.53993,2.09507,1.37469,1,0.45377,0.55595,0.34399,1.40987,2.46318,1.1985,0.000544664,0.000544664,0.000544664
3,30.507,1.43984,1.72892,1.27674,1,0.3937,0.5952,0.40334,1.26532,2.42481,1.09569,0.000816997,0.000816997,0.000816997
4,39.9374,1.46246,1.63484,1.29576,0.83837,0.5,0.72538,0.48727,1.15504,2.20301,1.0722,0.00108372,0.00108372,0.00108372
5,49.6257,1.46934,1.5925,1.32568,0.80503,0.74291,0.85973,0.54561,1.11774,1.70532,1.07249,0.00134483,0.00134483,0.00134483
6,59.0093,1.48111,1.6217,1.29812,0.81484,0.82143,0.84825,0.55091,1.30161,1.50413,1.1364,0.00158448,0.00158448,0.00158448
7,69.0265,1.4709,1.55868,1.3198,0.62376,0.85261,0.81249,0.49336,1.39205,1.56306,1.20962,0.00156798,0.00156798,0.00156798
8,79.6475,1.46006,1.43038,1.31458,0.8321,0.59834,0.81461,0.50123,1.34395,1.64645,1.24427,0.00155148,0.00155148,0.00155148
9,89.6858,1.40557,1.41252,1.29175,0.86444,0.75637,0.83333,0.52704,1.29892,1.3564,1.22403,0.00153497,0.00153497,0.00153497
10,99.7596,1.41789,1.32662,1.23991,0.86589,0.89469,0.87055,0.48307,1.54119,1.48097,1.32324,0.00151847,0.00151847,0.00151847
11,110.718,1.37381,1.32491,1.24679,0.89526,0.95119,0.91226,0.57044,1.26606,1.45725,1.20806,0.00150197,0.00150197,0.00150197
12,120.429,1.29351,1.26393,1.21258,0.75472,0.895,0.91063,0.50634,1.47008,1.21809,1.3662,0.00148546,0.00148546,0.00148546
13,130.536,1.3222,1.25857,1.20616,0.92516,0.87142,0.89755,0.50748,1.46685,1.24214,1.30149,0.00146896,0.00146896,0.00146896
14,140.508,1.35866,1.31815,1.23902,0.88053,0.92857,0.93618,0.60894,1.24312,1.08076,1.14922,0.00145246,0.00145246,0.00145246
15,150.397,1.31333,1.253,1.24124,0.97236,0.89286,0.92916,0.59765,1.32944,1.14745,1.20828,0.00143595,0.00143595,0.00143595
16,161.255,1.2912,1.22119,1.22044,0.95967,0.87029,0.93638,0.62541,1.19077,1.05922,1.14384,0.00141945,0.00141945,0.00141945
17,173.249,1.2895,1.23327,1.22331,0.89513,0.85714,0.9337,0.5904,1.20262,1.04172,1.17294,0.00140295,0.00140295,0.00140295
18,185.57,1.26158,1.12826,1.16108,0.94075,0.84375,0.92809,0.60183,1.22387,1.13654,1.20328,0.00138644,0.00138644,0.00138644
19,197.538,1.22487,1.15613,1.17699,0.91403,0.85714,0.90955,0.58166,1.26697,1.0945,1.17063,0.00136994,0.00136994,0.00136994
20,210.564,1.25757,1.11604,1.21189,0.83402,0.94607,0.90143,0.57235,1.34518,1.03302,1.24806,0.00135344,0.00135344,0.00135344
21,223.243,1.25374,1.09171,1.18709,0.85137,0.96429,0.92541,0.6171,1.18521,1.05283,1.14703,0.00133693,0.00133693,0.00133693
22,236.29,1.26722,1.04738,1.19243,0.85588,0.91924,0.90433,0.59176,1.2991,1.04588,1.24401,0.00132043,0.00132043,0.00132043
23,249.474,1.21647,1.08564,1.18684,0.9263,0.92258,0.96718,0.65241,1.1808,0.99226,1.16481,0.00130393,0.00130393,0.00130393
24,262.344,1.23199,1.09892,1.22127,0.95323,0.85727,0.97542,0.64168,1.22044,0.92116,1.19482,0.00128742,0.00128742,0.00128742
25,276.227,1.17084,0.95475,1.13608,0.90897,0.92857,0.94315,0.64958,1.16398,0.89105,1.17596,0.00127092,0.00127092,0.00127092
26,288.905,1.12593,0.9289,1.11355,0.93158,0.94606,0.9661,0.59608,1.30159,0.93675,1.21706,0.00125442,0.00125442,0.00125442
27,300.824,1.17446,0.95724,1.14068,0.9336,0.91956,0.95815,0.57934,1.14666,0.94216,1.14032,0.00123791,0.00123791,0.00123791
28,314.063,1.16655,0.95489,1.15124,0.88888,0.92857,0.91774,0.5873,1.34854,0.93998,1.24434,0.00122141,0.00122141,0.00122141
29,325.872,1.17144,0.94685,1.12915,0.93115,0.92857,0.93887,0.6037,1.38053,0.90487,1.28975,0.00120491,0.00120491,0.00120491
30,338.125,1.14479,0.94049,1.14932,0.93789,0.92072,0.96212,0.63162,1.23378,0.84691,1.20628,0.0011884,0.0011884,0.0011884
31,350.102,1.13522,0.91279,1.13066,0.93746,0.89286,0.92849,0.59104,1.32025,0.83083,1.33688,0.0011719,0.0011719,0.0011719
32,361.194,1.15475,0.95222,1.19024,0.93641,0.95812,0.96076,0.61007,1.26151,0.78088,1.22447,0.0011554,0.0011554,0.0011554
33,372.198,1.10314,0.90058,1.10869,0.97453,0.92537,0.99033,0.66183,1.15953,0.75561,1.15842,0.00113889,0.00113889,0.00113889
34,382.928,1.11213,0.86228,1.09594,0.98477,0.9623,0.99267,0.61933,1.22351,0.75231,1.21832,0.00112239,0.00112239,0.00112239
35,394.847,1.11842,0.86638,1.10852,0.95211,0.88854,0.92638,0.60723,1.2023,0.76383,1.20145,0.00110589,0.00110589,0.00110589
36,405.715,1.06434,0.8386,1.08909,0.99339,0.94929,0.99063,0.65491,1.09755,0.74381,1.1259,0.00108938,0.00108938,0.00108938
37,416.736,1.08041,0.83329,1.08111,0.95368,0.95415,0.98632,0.63979,1.17692,0.75716,1.16737,0.00107288,0.00107288,0.00107288
38,426.3,1.10072,0.81635,1.08882,0.89233,0.92646,0.96146,0.58328,1.24391,0.80878,1.19701,0.00105638,0.00105638,0.00105638
39,436.794,1.05045,0.80223,1.07188,0.91486,0.96113,0.96,0.62277,1.16037,0.78334,1.15999,0.00103987,0.00103987,0.00103987
40,447.997,1.0366,0.78279,1.05199,0.98909,0.96429,0.96645,0.6238,1.20463,0.81655,1.16708,0.00102337,0.00102337,0.00102337
41,458.828,1.05012,0.76942,1.0729,0.98446,0.96429,0.98882,0.63468,1.17246,0.74052,1.15015,0.00100687,0.00100687,0.00100687
42,471.167,1.04852,0.81572,1.09484,0.94516,0.95191,0.95274,0.64144,1.13509,0.70655,1.13332,0.000990365,0.000990365,0.000990365
43,485.084,1.01062,0.76652,1.06466,0.97563,0.92857,0.98256,0.65827,1.14971,0.69606,1.14509,0.000973861,0.000973861,0.000973861
44,497.829,1.02561,0.76161,1.08312,0.95189,0.92857,0.9549,0.63209,1.15072,0.69069,1.12853,0.000957358,0.000957358,0.000957358
45,510.439,0.96899,0.74893,1.04076,0.97609,0.99662,0.995,0.66343,1.13909,0.61088,1.09604,0.000940855,0.000940855,0.000940855
46,523.999,0.99338,0.76327,1.0532,0.97227,0.9965,0.995,0.63335,1.24414,0.64597,1.1515,0.000924352,0.000924352,0.000924352
47,537.53,1.01529,0.76574,1.0557,0.97504,0.99455,0.995,0.64862,1.1991,0.6476,1.13527,0.000907848,0.000907848,0.000907848
48,549.874,0.99358,0.73783,1.05026,0.99075,0.96429,0.9813,0.65157,1.13459,0.69189,1.10945,0.000891345,0.000891345,0.000891345
49,563.973,0.97477,0.725,1.03009,0.97731,0.99617,0.995,0.63266,1.28468,0.65445,1.18161,0.000874842,0.000874842,0.000874842
50,577.707,0.96013,0.71142,1.04644,0.98303,1,0.995,0.63916,1.26106,0.64624,1.17805,0.000858338,0.000858338,0.000858338
51,593.014,0.95408,0.72912,1.06088,0.98364,1,0.995,0.64278,1.15671,0.62234,1.12501,0.000841835,0.000841835,0.000841835
52,607.453,0.93215,0.70709,1.02217,0.98363,0.99438,0.995,0.69668,1.08668,0.59942,1.1035,0.000825332,0.000825332,0.000825332
53,621.503,0.93505,0.68982,1.03462,0.98213,0.99359,0.995,0.70433,1.04638,0.58731,1.07566,0.000808828,0.000808828,0.000808828
54,634.903,0.9088,0.67334,1.02999,0.98936,0.96429,0.98882,0.65629,1.1327,0.61362,1.10931,0.000792325,0.000792325,0.000792325
55,649.495,0.90032,0.65163,1.0145,0.98849,0.96429,0.96036,0.61022,1.30445,0.63176,1.22323,0.000775822,0.000775822,0.000775822
56,663.919,0.92169,0.66938,1.01422,0.98809,0.95854,0.98042,0.64439,1.24262,0.6067,1.15892,0.000759318,0.000759318,0.000759318
57,677.317,0.91821,0.66049,1.01474,0.98816,0.96429,0.98882,0.658,1.25185,0.6406,1.1548,0.000742815,0.000742815,0.000742815
58,691.41,0.92957,0.68901,1.02626,0.9889,0.96429,0.98882,0.65785,1.28348,0.67326,1.21131,0.000726312,0.000726312,0.000726312
59,703.217,0.9052,0.65419,1.00147,0.98309,1,0.995,0.67989,1.18355,0.61804,1.14047,0.000709809,0.000709809,0.000709809
60,716.622,0.88772,0.6416,0.98783,0.98033,1,0.995,0.67942,1.19629,0.56973,1.15427,0.000693305,0.000693305,0.000693305
61,730.481,0.87196,0.64875,1.00477,0.97474,1,0.995,0.66899,1.15834,0.57797,1.12513,0.000676802,0.000676802,0.000676802
62,746.397,0.91878,0.63355,1.00035,0.97924,0.96275,0.96057,0.65059,1.14445,0.59652,1.14016,0.000660299,0.000660299,0.000660299
63,759.558,0.85326,0.63142,0.99377,0.98912,0.96429,0.96058,0.65325,1.1421,0.56637,1.14751,0.000643795,0.000643795,0.000643795
64,774.754,0.89244,0.62977,1.02184,0.99277,0.96429,0.99267,0.66675,1.13297,0.56143,1.1425,0.000627292,0.000627292,0.000627292
65,789.795,0.82504,0.60423,0.97289,0.98593,0.96429,0.9609,0.67036,1.12584,0.55343,1.12656,0.000610789,0.000610789,0.000610789
66,804.98,0.85797,0.59959,0.98368,0.97752,0.96429,0.96107,0.67613,1.14463,0.56346,1.12035,0.000594286,0.000594286,0.000594286
67,819.971,0.83931,0.60978,0.98587,0.98356,0.96429,0.99063,0.68553,1.10659,0.59129,1.11228,0.000577782,0.000577782,0.000577782
68,833.644,0.82663,0.58999,0.99316,0.98788,0.96429,0.99063,0.69226,1.06931,0.56568,1.10336,0.000561279,0.000561279,0.000561279
69,846.53,0.81921,0.593,0.98052,0.98822,0.96429,0.99063,0.66195,1.15344,0.56445,1.15965,0.000544776,0.000544776,0.000544776
70,859.963,0.8054,0.59889,0.98744,0.98541,0.96429,0.98882,0.63516,1.23417,0.58092,1.216,0.000528272,0.000528272,0.000528272
71,873.567,0.77524,0.57657,0.95857,0.98553,0.96429,0.98882,0.6598,1.14308,0.57707,1.14439,0.000511769,0.000511769,0.000511769
72,886.297,0.78489,0.56257,0.95289,0.98642,0.96429,0.99063,0.68114,1.10253,0.55837,1.12635,0.000495266,0.000495266,0.000495266
73,899.117,0.77664,0.57405,0.96702,0.98846,0.96429,0.99267,0.66344,1.13455,0.54983,1.16365,0.000478762,0.000478762,0.000478762
74,912.205,0.7796,0.57496,0.96603,0.98638,0.96429,0.99267,0.67484,1.12269,0.54484,1.14959,0.000462259,0.000462259,0.000462259
75,926.049,0.7501,0.56561,0.96586,0.97543,0.99712,0.995,0.696,1.06652,0.53116,1.12471,0.000445756,0.000445756,0.000445756
76,939.376,0.76225,0.55655,0.96306,0.98941,1,0.995,0.67995,1.11576,0.5325,1.16461,0.000429253,0.000429253,0.000429253
77,951.652,0.80316,0.57709,0.96908,0.99293,1,0.995,0.67293,1.1444,0.54061,1.17427,0.000412749,0.000412749,0.000412749
78,965.081,0.78264,0.55451,0.9665,0.99244,1,0.995,0.67061,1.12616,0.51954,1.14469,0.000396246,0.000396246,0.000396246
79,977.317,0.82584,0.5567,0.96966,0.9916,1,0.995,0.68166,1.10907,0.52052,1.12608,0.000379743,0.000379743,0.000379743
80,990.117,0.76554,0.55733,0.96025,0.99083,1,0.995,0.68503,1.11273,0.51527,1.13572,0.000363239,0.000363239,0.000363239
81,1003.15,0.74998,0.52241,0.94362,0.99031,1,0.995,0.69808,1.05887,0.51051,1.0994,0.000346736,0.000346736,0.000346736
82,1015.58,0.76206,0.53146,0.95638,0.98838,1,0.995,0.69785,1.07107,0.51061,1.11086,0.000330233,0.000330233,0.000330233
83,1028.14,0.71072,0.52061,0.93962,0.98464,1,0.995,0.68999,1.08054,0.50473,1.10507,0.000313729,0.000313729,0.000313729
